Organization ID,Organization type,name
new,prix,Nadar
new,prix,Prix de la Fondation Henri Cartier-Bresson
new,prix,Prix Camera Clara
new,prix,Prix Niépce
new,prix,Prix Carmignac du photojournalisme
new,prix,Prix Pictet du photojournalisme
new,prix,Prix Swiss Life à 4 mains
new,prix,Prix Eurazeo
new,prix,Prix BMW Art Makers
new,prix,Prix photo - Fondation Yves Rocher
new,prix,Prix Caritas Photo sociale
new,prix,Prix Lucas Dolega
new,prix,Prix Photographie & Sciences
new,prix,Prix Viviane Esders
new,prix,Prix du tirage de Collection Florence et Damien Bachelot
new,prix,Prix Camille Lepage
new,prix,Prix Pierre et Alexandra Boulat
new,prix,Prix ANI-PixTrakk
new,prix,Prix SCAM Roger Pic
new,prix,Prix Marc Ladreit de Lacharrière
new,prix,Prix de la jeune création de Levallois
new,prix,Prix Découverte Louis Roederer
new,prix,Prix Picto de la photographie de mode
new,prix,Paris Photo - Aperture Foundation PhotoBook Awards
new,prix,Prix Luma Dummy Book Award
new,prix,Prix de photographie- William Klein - Académie des Beaux-Arts
new,prix,Bourse du Talent
new,prix,Bourse Photographe Lagardère
new,prix,Prix HSBC pour la photographie
